id,benchmark,generation,translation,full_ethos,isolated_and_neg,and_neg_steps,ends_in_empty_clause,prior_full_ethos,input_sha256,proof_sha256
01,QG-classification/qg5/gensys_icl432.smt2,reused,ok,rejected rule: not_and,ok,1487,True,rejected rule: and_neg,d9631953dc58c5610e2e357c53bb3ffe708062860e26621c876ebf2150ef5d87,d7e6d6b380abe5d0a4c869b594141805723b4a5b60f5a67a734414103d6014ec
02,QG-classification/qg5/iso_icl353.smt2,reused,ok,rejected rule: trans,ok,156,True,missing Eunoia rule: aci_simp,26a6e35650f0178668e9d9d864c7118515a05e11ff4625de45cd46ef447207f1,ea02d0fc11066522eb02c82dafd06ddd6f9a21b0130ad18757f71e07e92f24de
03,QG-classification/qg5/gensys_icl896.smt2,reused,ok,rejected rule: not_and,ok,1564,True,missing Eunoia rule: aci_simp,e6078a3f4fb8713e49503da86fd530e6c4b494c1173f80ea828346a0bc33f147,a1e43c010a54b49e538aeae21c2738336af7a647dbc229b25fa131a510ce14d6
04,QG-classification/qg5/gensys_icl1055.smt2,reused,ok,rejected rule: not_and,ok,1713,True,missing Eunoia rule: aci_simp,240a10d2abc08b36f58799d034d2f95a3ef876aa9513fde70b46be871429165c,577e43ac1ecc30f98ebb7e12b4122c26c7c8c692636c93b7489db3b2c71ea35c
05,QG-classification/qg5/gensys_brn869.smt2,reused,ok,rejected rule: not_and,ok,3647,True,missing Eunoia rule: aci_simp,1bd4d33f26e8a6805aa1bd5f540ba691fdd71c00c2cbcead0928f5ecd39676a5,d7f94d31c7f8e10f8ec3004216df4e13b866a5b6571c0855f3340f423a7fdb57
06,QG-classification/qg5/gensys_brn900.smt2,reused,ok,rejected rule: not_and,ok,1343,True,missing Eunoia rule: aci_simp,32c6db1f1856f2540e2a2f3c8ee1024d5833ecbe3e9f09f130a81d9a93e0c087,2eb6e42e63fdee82c8189a50c77b6d6d112d8490d398502e6409e90f81272ca3
07,QG-classification/qg5/iso_icl463.smt2,reused,ok,rejected rule: trans,ok,99,True,missing Eunoia rule: aci_simp,f2bc304c3581d2447b8f07bf58fda020ace91cc9e2fff2e0a7433a6b13088187,13ffe163e7e4054c18bd6ab60786b94aef1338dbe419a0280efbb0c8c1e8882d
08,QG-classification/qg5/iso_brn942.smt2,reused,ok,missing Eunoia rule: evaluate,ok,131,True,rejected rule: and_neg,78a45664c4d94d1f09ce18f7573c3a1c1f058e55f8ea4197d0fc4d252821ae00,46bc1ef41706164dbdd8545e1ac6d10e896772b724288a0d7d0956bc03ee9200
09,QG-classification/qg5/iso_brn1212.smt2,reused,ok,missing Eunoia rule: evaluate,ok,347,True,missing Eunoia rule: aci_simp,5ae7fdbbc1768040565a38084b3f9b03fcb72e1f5518ba2591174ad9a77e1811,1e78414e7cc7a83e78f1070ee7fdc441bd0115ca7b79ebebec06539f3abb70c7
10,QG-classification/qg5/gensys_icl1009.smt2,reused,ok,rejected rule: not_and,ok,1913,True,missing Eunoia rule: aci_simp,87c0c10ed70f230cd42e622030a2836b6d8d2c3c5d3ae94be0c2e26d60bfe458,5ab2a75e8f6066c5bf30bcecff8b23b3f74f6833979ff687908ca72c246c8075
11,QG-classification/qg5/gensys_icl891.smt2,reused,ok,rejected rule: not_and,ok,966,True,missing Eunoia rule: aci_simp,cd51010e87773b69cf6f0204c37a0ecddd81ae0cf348c1bcaf7015835891ee23,8eefeee80d32b0df6e5835b350164fdc025c83a37e09401d5a345a14a6f29e21
12,QG-classification/qg5/iso_icl944.smt2,reused,ok,missing Eunoia rule: evaluate,ok,216,True,missing Eunoia rule: aci_simp,a85674865f90e2442ade50976300a95e1960d5f2b2c95a59bf7ec8dcc0c6cce6,2e2254634bcc26aedbb250f6491755bee95799b8af0c0e3e15181ec7b327cf2e
13,QG-classification/qg5/gensys_icl212.smt2,reused,ok,rejected rule: not_and,ok,587,True,rejected rule: and_neg,77886414039cae49869859e5c2ace066ebc6993b604ac99c3ffc89e49048031b,09674113d7e61013bf07b58b449b61198545f28e2e8992f500775731643ae5e4
14,QG-classification/qg5/iso_icl160.smt2,reused,ok,rejected rule: trans,ok,91,True,missing Eunoia rule: aci_simp,723116564e359f262c1d92b8938ff4565867d58e2bd3a22e40a4fd35bb78b6fe,c21b763546f7daae68f5edb56d367b460935d5914bf4028551eab1323c72269f
15,QG-classification/qg5/gensys_icl815.smt2,reused,ok,rejected rule: trans,ok,3079,True,missing Eunoia rule: aci_simp,fb1b1e27c5f125a1c0d9bf7d08c2ad4d3870a62308834e186a07684e637e98f7,be491b687d44272a26762dd63420baea6413376af89dbb3ae848b8993d616a5d
16,QG-classification/qg5/gensys_icl539.smt2,reused,ok,rejected rule: not_and,ok,1454,True,missing Eunoia rule: aci_simp,8c0861320932cf34fda379473a205284a622058b3ebc05dfdd75fe8d0488aadb,28d0e9a60a764b6c81abba89ddd32a76a25b1bbcaa094c9bb4e7608e6533eff8
17,QG-classification/loops6/gensys_icl064.smt2,reused,ok,rejected rule: trans,ok,2283,True,missing Eunoia rule: aci_simp,2da18bd3a0afd3accc64a15c6a1940a9d03cd87ba085814a03200e6abf76f1e5,929f8cd49555d32c82c3127b6d4eb7629ae8094bfeb8d2ac7e400040df758dd4
18,QG-classification/qg5/gensys_icl1219.smt2,reused,ok,rejected rule: not_and,ok,1823,True,rejected rule: and_neg,af18eb7a0c2c08265fe6c034919a7e93970ca924d57979cd16aaa8ece6b6fad9,b9482d15486cdfa47a3e205e1a90c68a57400a2d9646d29413bda7793f400153
19,QG-classification/qg5/iso_brn1058.smt2,reused,ok,missing Eunoia rule: evaluate,ok,106,True,missing Eunoia rule: aci_simp,d8cb0472b2ed6e341327d3023c1e9620cef5d9a5d1488b0e6ceb6d7f4669a75f,130437682d59c8708b3002b882f07f7f82a2cfee4591f0e6fb8a8f7ae1c2cefc
20,QG-classification/qg5/iso_icl631.smt2,reused,ok,missing Eunoia rule: evaluate,ok,215,True,missing Eunoia rule: aci_simp,d0c7c5ac0912e81b6a9f1bc926085002a43f298e6e3dbd9a81d6cad3e2d8e278,87cfb72855be7f9d7dcd2c78fb149885aa5bf1ffa6796709337c6969a41c6471
21,QG-classification/qg5/gensys_icl220.smt2,reused,ok,rejected rule: not_and,ok,322,True,missing Eunoia rule: aci_simp,01ec56ed2904187c5588e158f1c439b5ce8fb8126b09dbc66869eb2a1a05d817,392989cc234d295e35a952a2166c0de1524e92de17d00df3d31ec89454e6a61f
22,QG-classification/qg5/dead_dnd007.smt2,reused,ok,missing Eunoia rule: evaluate,ok,1530,True,missing Eunoia rule: aci_simp,91724e1512fc3ae406f686ba9dd31a64a5ef248059b6647d9d4b6a24ee6eebe3,e96a9452c171a26fd04a7f8eac622ac56111acdee3f867a878735e966f6d1aaa
23,QG-classification/qg5/iso_icl505.smt2,reused,ok,missing Eunoia rule: evaluate,ok,164,True,missing Eunoia rule: aci_simp,de5f75089d008deaa088e36c5bc1a7cf24f1c924817fb6847ce55be36a156407,9a6cef1d5cfe50383945c8e2cdb3c012a22aa282ed6ec2c6ebbc99d8c7c5053d
24,QG-classification/qg5/gensys_icl1251.smt2,reused,ok,rejected rule: trans,ok,2058,True,rejected rule: and_neg,7b5e56b3b265ee07d265003d9d3fd970d92225de511f2dde9f41abcde2321064,e2151e73b2d40771ccd59173a09a68a37e4394151d17e71b62e4d53e70e8a625
25,QG-classification/qg5/iso_icl576.smt2,reused,ok,missing Eunoia rule: evaluate,ok,56,True,missing Eunoia rule: aci_simp,3a45ad8936d6c9aa0ddafe71d3c18c0193b7dc0278e0b22c81e23f6700c29924,de465cb9b021da2d0e5fe075912883e1df0807fe4809d53aa63b79682b1ed0b2
26,QG-classification/qg5/gensys_brn526.smt2,reused,ok,rejected rule: not_and,ok,2157,True,missing Eunoia rule: aci_simp,fca100ef622e50266c9da554d654fb717509090d52e58e96ee2b6cc12df2b048,6197fd99a186c31c9aaf71024bca86b98f138be69924ac8d22601498afae53c5
27,QG-classification/qg5/gensys_icl783.smt2,reused,ok,rejected rule: not_and,ok,3210,True,missing Eunoia rule: aci_simp,a05df853eadc9dbea24e6e12213f2e0f87ad5562f9f2d2b2ea93a4300ac58f80,7910a2110c4f895f9afca3bbd2cf079fd954c58b14102c15f57275f2a90b71bc
28,QG-classification/qg5/gensys_icl249.smt2,reused,ok,rejected rule: not_and,ok,1401,True,missing Eunoia rule: aci_simp,d65e45dfc69bf34764d5b22164cd0150138efbed888055c37815e56c98ebe4df,d13f69e407f42f36fd6cc7f291119c234a5a516054be12ae2c6db83458434180
29,QG-classification/qg5/iso_icl112.smt2,reused,ok,missing Eunoia rule: evaluate,ok,208,True,missing Eunoia rule: aci_simp,7a447deac2c3307958501683b39bf8fc23f1316a97cbe81a21f947b8b16b9ada,0d9c1729678f519191f55493f8df1cb1f55060fadb5c8c8083730280cd12d976
30,QG-classification/qg5/gensys_icl1044.smt2,reused,ok,rejected rule: trans,ok,964,True,missing Eunoia rule: aci_simp,ffeedd3689159ef2fd9108a1824ad4c52d38a8b4763f50065c96aaad98a5d18b,be4f0e5405dc0f3cd121719df9747e13bc702f07e550a6558771064b993a812d
31,QG-classification/qg5/iso_icl1097.smt2,reused,ok,missing Eunoia rule: evaluate,ok,424,True,missing Eunoia rule: aci_simp,cb43b9f834dfec2a58edd737b7c908215500c119c0770cad3c05cd45786e23b2,c47f7e9c37704d9fb6cb53d83450bc75622cf36f5730c6d290ae2fe1b1c3e2a7
32,QG-classification/qg5/gensys_brn420.smt2,reused,ok,rejected rule: trans,ok,2763,True,missing Eunoia rule: aci_simp,c022fe672d083bc2bca45ebfdec8d464bdaf741bc572dc8a8a378c144cc25c1b,bbb7dd87f5339759181f38144d72ad24353868804206763c3461ff177cf6dc33
33,QG-classification/qg5/dead_dnd041.smt2,reused,ok,missing Eunoia rule: evaluate,ok,2229,True,missing Eunoia rule: aci_simp,f4589b38660a38851ef8bb5dc0894844aeb480ef8a24ac48fb85525b685101fa,26ee4734163c2024482647b22cc0dad0409a78a1a9cd8235bbbad4d86c0c6086
34,QG-classification/qg5/iso_icl1236.smt2,reused,ok,missing Eunoia rule: evaluate,ok,91,True,missing Eunoia rule: aci_simp,584a71d3557026002db752cefa84f5796d31c61714e75e67d1681fea9d55a1e7,1adccc3754d56ddf1377d70f2ebe354fe915e3d92d761e2ffefed854b1daadef
35,QG-classification/qg5/gensys_icl865.smt2,reused,ok,rejected rule: trans,ok,1629,True,missing Eunoia rule: aci_simp,de46b3f09ea353f37c6181563d7c8ae6af4d1bf3db9cdcac6c4ffb1c75777666,c07741f7f4ac67c3107ca93b7a073c6b53f3f0bd2f78e1f102eaeab7ce3b6dd9
36,QG-classification/qg5/dead_dnd031.smt2,reused,ok,rejected rule: trans,ok,3472,True,missing Eunoia rule: aci_simp,f7bd7fa7a5ce4840587344cb50b4c729e35f6afa0ca10965a71d6419390bdf8d,cd4de174dc5e845f922d70995113531a3a13641d028550d621deb6879edf1ccd
37,QG-classification/qg5/iso_icl653.smt2,reused,ok,missing Eunoia rule: evaluate,ok,285,True,rejected rule: and_neg,02c985925699b64bd516881051883264319391b7232578bad0ab024e2e8f83cf,51c21248b73e0e48a523a017d5ddc6551046bb4788c03da01df22dcbf5f9c595
38,QG-classification/qg5/iso_brn1047.smt2,reused,ok,rejected rule: trans,ok,172,True,missing Eunoia rule: aci_simp,777a6349a9f5190d7d515578e57a72027dde0d9d7ad21298aa4d90ad8e1de438,abac51c3f51bbc667bc84028a619d1ebc6a47da4b3fc0f600c2d8af1ff8bfbeb
39,QG-classification/qg5/gensys_icl238.smt2,reused,ok,missing Eunoia rule: evaluate,ok,975,True,missing Eunoia rule: aci_simp,9b560e7acd4a9faf68f903e30cb71a6c12497c4dd21570f8e58621eabb5ea61d,7ac4297160eba38bd118f9c6981bb1739df18bda43260fcd904394b971ebc205
40,QG-classification/qg5/iso_icl288.smt2,reused,ok,rejected rule: not_and,ok,186,True,missing Eunoia rule: aci_simp,ce76bbf26617fd5693ddeb98c73ea52373d6d402560445c38759eff92d5f3b4d,612f68e1aa528371ce05445d8d5dea54b7bfec3e2a93ec4a511afbcd7ee4ff06
41,QG-classification/qg5/gensys_brn425.smt2,reused,ok,rejected rule: not_and,ok,1006,True,missing Eunoia rule: aci_simp,bf3dd3c094bd1279099f4514ab549eaca6b07ce87d94920dba058d07c4c84d2b,dbf67bf844cd3ef33ccc34eac1849917d98266b2fd01598623e776f05c32b159
42,QG-classification/qg5/iso_icl1265.smt2,reused,ok,missing Eunoia rule: evaluate,ok,176,True,missing Eunoia rule: aci_simp,e9c01596e276648fd19958c38adb02f45e1b0622fa89a224e1a5353660dd12b0,caa453b8bd59c416a53e0e79b6a71b91bc168c0496b9025318e86757128ececd
43,QG-classification/qg5/gensys_icl1153.smt2,reused,ok,rejected rule: not_and,ok,1117,True,missing Eunoia rule: aci_simp,517c80c1b1b2eb949606337298361f72469e6696fc287e16dc4f3b164eef3165,12e3a6db335fd83bceb630fa5648064cb88c0b7c43e22ee448567218beadbbf5
44,QG-classification/qg5/gensys_icl842.smt2,reused,ok,rejected rule: trans,ok,1631,True,missing Eunoia rule: aci_simp,eb90337698adc1c4630a7f47563037ec59accf55aee43e434fed276ac169ecee,20499a1c304b2b7813727b79bb480531047528f947a2e4ecf4c1de7d26abd38e
45,QG-classification/qg5/gensys_icl1280.smt2,reused,ok,rejected rule: not_and,ok,439,True,missing Eunoia rule: aci_simp,96a32817b04d070d6fef1980355dcc57d367816cf1fa15ece678a47fc48e0179,2a39ec9c35689903aecc69b351d7101d9e46a57ce81fa7e79d22a5aeafc03a18
46,QG-classification/qg5/iso_icl599.smt2,reused,ok,rejected rule: not_and,ok,228,True,missing Eunoia rule: aci_simp,8fef977e0992750a70a48e3ba8ca3a573fab072dd0d6a3c28d0663baa7002f20,29088032fcaca59beb23f705c602210a3f201a429943e0a3718a9b359f1fcbae
47,QG-classification/qg5/gensys_icl063.smt2,reused,ok,rejected rule: not_and,ok,761,True,missing Eunoia rule: aci_simp,3495764a96f2ce0c0a4dc390112042e534022931be36edf3711126dcd53ef42a,006c964ffe56054b8f6d56637d2e91e670994f50cb30c20b911dd30e1da33014
48,QG-classification/qg5/gensys_icl509.smt2,reused,ok,rejected rule: not_and,ok,2998,True,missing Eunoia rule: aci_simp,0c32e734760eb23b0b7053b0c8e045e1447042ae0af99acd726c61abe0450781,3a742fb0542958a39c31dee2ef083fdc41fff4991c4fcf96e29fb2eedc880ffb
49,QG-classification/qg5/iso_icl561.smt2,reused,ok,missing Eunoia rule: evaluate,ok,364,True,missing Eunoia rule: aci_simp,99fad0b516627ed85f44dbbe555c5298579b0646ee1257378098165802c18484,b698e4a3b48a416073fea9be15f155d76a6cf6e471bcee6484e7f866ad47a141
50,QG-classification/qg5/gensys_icl825.smt2,reused,ok,rejected rule: trans,ok,1574,True,missing Eunoia rule: aci_simp,6a1134c40d457e3d2810ddbf802be4904bf03e40d4f2ae107b4513293b1328bf,30a7c79793d81a0f9f8430be83367f1094174e7d2a3ec325ef5dd79b3ffc38a7
